{
  "name": "DMA",
  "type": "PLATFORM",
  "configuration": {
    "description": "",
    "xsa": "/home/ckemere/Code/FPGA/Micro-FullCustomRegs/design_1_wrapper.xsa",
    "xsaPathInPlatform": "DMA/hw/design_1_wrapper.xsa",
    "emulationXsa": "",
    "emulationXsaPathInPlatform": "",
    "isCustomFSBL": false,
    "fsblPath": "",
    "pmufwElf": "",
    "flow": "EMBEDDED",
    "processorsMap": {
      "ps7_cortexa9_0": "ps7_cortexa9",
      "ps7_cortexa9_1": "ps7_cortexa9"
    },
    "supportedOS": [
      "standalone",
      "freertos",
      "linux"
    ],
    "supportedFamily": "zynq",
    "stdGenHookList": [
      {
        "key": "VITIS_SDT_REPO",
        "value": ""
      },
      {
        "key": "VITIS_SDT_BOARD_DTS",
        "value": ""
      },
      {
        "key": "VITIS_SDT_INCLUDE_DTS",
        "value": ""
      },
      {
        "key": "-dt_overlay",
        "value": "0"
      }
    ],
    "componentType": "PLATFORM",
    "domains": [
      {
        "name": "zynq_fsbl",
        "displayName": "zynq_fsbl",
        "processor": "ps7_cortexa9_0",
        "cpuType": "cortex-a9",
        "cpuInstance": "ps7_cortexa9_0",
        "os": "standalone",
        "appTemplate": "zynq_fsbl",
        "isBootDomain": true,
        "qemuData": "resources/zynq_fsbl/qemu",
        "qemuArgsFile": "resources/zynq_fsbl/qemu/qemu_args.txt",
        "pmcQemuArgsFile": "",
        "isBSPGenReq": false
      },
      {
        "name": "standalone_ps7_cortexa9_0",
        "displayName": "standalone_ps7_cortexa9_0",
        "processor": "ps7_cortexa9_0",
        "cpuType": "cortex-a9",
        "cpuInstance": "ps7_cortexa9_0",
        "os": "standalone",
        "appTemplate": "empty_application",
        "isBootDomain": false,
        "qemuData": "resources/standalone_ps7_cortexa9_0/qemu",
        "qemuArgsFile": "resources/standalone_ps7_cortexa9_0/qemu/qemu_args.txt",
        "pmcQemuArgsFile": "",
        "isBSPGenReq": false
      }
    ],
    "emptyToolchainConfiguration": []
  },
  "useSysrootToolchain": false
}